1,ionelstaion@gmail.com,10n3l5t014n,Ionela,Stoian
2,mirelparaschiv@hotmail.com,m1r3lp4r45ch1v,Mirel,Paraschiv
3,alexandruionescu@yahoo.com,4l3x4ndru10n35cu,Alexandru,Ionescu
4,davidstoica@gmail.com,d2v1dm1h41,David,Stoica
5,mihaiserban@yahoo.com,m1h4153rb4n,Mihai,Serban
6,ionbecheru@gotmail.com,qazwsxedc12,Ion,Becheru
7,mariandobre9@gmail.com,plmokij123,Marian,Dobre
8,marioachim@yahoo.com,zxcvbnm1234,Mario,Achim
9,relumiron@gmai.com,asdfgh123,Relu,Miron
10,iustinstan@hotmail.com,tgbyhnujm12,Iustin,Stann